0,1,1.6,-14.16,3.27
0,1.09,-3.56,-6.98,-12.43
1,1.51,-19.88,-7.01,-4.21
1,1.23,-17.15,6.97,2.88
1,1.45,11.98,17.48,-16.86
1,1.84,4.96,2.48,9.69
2,1.55,7.38,0.77,-14.24
2,1.08,-16.96,12.14,15.29
2,1.84,-8.51,9.64,-4.19
2,0.94,9.19,-13.42,-1.23
2,1.22,11.76,-14.3,18.34
2,0.94,-16.03,-12.73,-15.14
2,1.84,3.08,8.29,-9.67
2,1.05,-6.01,-9.26,5.83
3,1.64,17.45,-1.23,14.6
3,1.62,15.28,18.94,3.99
3,1.82,11.43,10.08,-14.4
3,0.86,-8.57,6.66,-7.4
3,0.5,16.65,-6.87,-12.38
3,1.41,-10.78,-3.49,6.72
3,1.12,-1.46,-6.74,9
3,1.81,-6.81,-16.59,12.79
3,1.83,-9.36,15.14,-19.34
3,1.05,0.74,-13.64,-1.81
3,1.03,-17.01,2.93,-8.6
3,0.72,-3.77,1.07,-13.58
3,0.86,14.91,5.74,-10.56
3,1.31,19.32,-19.01,-4.54
3,1.56,-3.28,16.31,7.42
3,1.63,18.58,5.78,-12.97
4,1.63,-0.42,13.88,2.57
4,1.07,5.19,-2.18,-13.9
4,1.07,-16.14,2.31,5.94
4,1.61,-16.68,16.1,18.78
4,0.56,-2.9,8.23,5.34
4,0.69,1.98,-2.18,3.66
4,1.93,-16.26,-3.47,10.28
4,1.38,11.84,12.81,-3.95
4,1.42,-1.64,-2.96,6.8
4,1.16,-16.37,10.81,-3.01
4,0.66,2.86,-12.26,-5.31
4,0.8,1.95,3.9,5.28
4,0.92,18.19,8.07,-7.22
4,1.17,18.19,9.95,17.22
4,1.02,7.69,16.1,7.91
4,0.76,-14.96,9.41,-18.66
4,0.79,-10.83,2.18,5.01
4,1.37,17.41,15.74,6.3
4,1.84,-10.3,-18.29,-15.42
4,1.82,17.65,-12.14,6.5
4,1.01,7.98,18.74,-4.61
4,0.87,0.47,-15.93,-11.09
4,1.29,8.59,5.82,-2.86
4,0.61,-19.41,-19.61,9.76
4,1.06,13.31,-6.22,5.13
4,0.93,-15.46,-15.26,-14.19
4,1.72,6.07,14.01,10.24
4,1.88,5,4.29,-9.73
4,0.76,10.19,16.96,7.43
4,0.67,-3.18,18.73,19.58
4,1.34,-2.17,-8.11,-10.71
4,0.83,17.36,9.41,-16.75
5,1.87,0.69,5.93,17.59
5,1.24,19.14,-6.5,-10.45
5,1.04,4.86,-9.03,-6.59
5,0.89,0.35,-4.79,19.46
5,1.4,19.45,-17.57,-3.79
5,1.51,11.66,18.53,-8.54
5,1.21,0.37,7.07,-10.06
5,0.92,-5.34,2.94,-0.66
5,1.11,-0.25,15.37,-9.27
5,1.75,-12.51,6.11,3.91
5,0.65,19.8,-1.22,-11.15
5,1.33,-1.36,-1.79,15.07
5,1.73,-0.01,1.84,4.56
5,1.85,4.41,4.47,4.78
5,1.83,-6.8,16.12,9.06
5,0.66,18.82,-11.98,10.92
5,0.75,-6.35,-3.73,-3.09
5,1.63,-14.58,-18.54,-18.54
5,1.47,6.33,4.98,15.36
5,0.77,-2.5,9.87,14.87
5,0.79,-5.15,8.78,2.7
5,0.63,-9.87,-16.32,-8.96
5,0.77,-1.92,-19.78,19.5
5,1.61,-18.65,-1.32,-16.16
5,0.77,13.53,0.75,5.82
5,0.69,-3.9,-8.48,-3.62
5,1.82,9.53,-0.39,8.85
5,1.06,6.8,14.44,19.31
5,0.62,18.21,16.1,-5.71
5,1.1,3.72,17.15,-8.64
5,1.36,2.12,-15.56,-9.1
5,1.85,10.53,7.16,-1.18
5,0.92,1.24,8.54,-0.25
5,0.52,17.42,1.82,6.18
5,0.52,-17.11,1.74,2.63
5,1.53,-10.07,-17.64,-10.85
5,1.01,-14.44,17.15,16.97
5,0.58,1.74,9.54,17.7
5,1.49,-19.92,14.97,19.07
5,1.63,1.03,18.53,18.16
5,0.63,-8.95,-5.76,8.39
5,1.12,18.47,9.3,-19.12
5,1.3,-10.68,17.29,17.21
5,1.55,-8.78,5.97,-5.75
5,0.96,14.93,18.66,-2.11
5,1.05,-18.03,-8.28,-3.11
5,1.49,12.04,-6.62,10.92
5,0.85,-16.51,-10.91,11.92
5,1.23,14.3,15.38,14.5
5,1.81,-8.55,-5.86,-5
5,0.6,6.63,-8.24,10.05
5,1.25,15.05,3.33,-7.03
5,1.75,-16.52,-10.12,8.52
5,1.63,6.81,-18.23,-11.94
5,1.28,-2.75,13.34,12.4
5,1.8,-10.32,4.24,-11.15
5,0.6,8.5,-19.26,-3.67
5,1.28,10.21,-11.78,-18.51
5,1.67,-0.81,-7.44,-1.63
5,1.79,2.23,-3.15,-11.44
5,1.9,-5.59,16.44,-13.03
5,0.67,-12.18,-16.51,-14.7
5,1.01,-13.33,19.24,-13.64
5,1.36,18.29,-10.42,16.9
6,0.71,-16.42,17,7.08
6,1.4,0.19,-7.05,-12.48
6,1.22,10.92,14,-11.11
6,1.81,1.85,-4.91,14.18
6,0.94,6.92,3.8,12.12
6,1.71,-11.35,-0.54,-7.25
6,0.9,9.41,-7.18,1.75
6,1.58,3.7,11.71,13.3
6,1.45,18.16,-14.92,-1.92
6,1.26,-8.76,-14.47,0.34
6,1.32,-2.08,3.48,-6.39
6,0.82,-3.08,-9.21,9.07
6,0.94,-6.23,-5.91,-18.79
6,0.88,-17.79,8.7,-9.33
6,1.45,-17.44,16.7,2.9
6,1.38,-2.47,-14.23,8.47
6,0.54,-13.73,-13.61,3.95
6,0.69,-6.52,-15.93,8.36
6,1.36,11.02,19.5,-7.76
6,0.63,-18.26,-11.25,5.59
6,1.93,16.01,-19.04,-5.05
6,1.35,9.37,-6.95,-6.29
6,1.25,-0.19,4.7,0.76
6,1.66,7.93,15.36,1.11
6,1.08,5.44,-13.58,-3.6
6,1.53,-7.55,4.06,-18.59
6,1.53,16.48,-13.21,9.94
6,1.27,4.99,-12.37,-14.85
6,0.5,19.44,-0.32,6.22
6,0.55,-1.22,1.66,15.76
6,0.7,9.21,-16.62,10.78
6,1.47,13.29,0.88,-7.1
6,1.54,-8.92,-9.63,-17.48
6,0.62,16.88,-7.96,5.49
6,1.86,17.86,19.55,13.47
6,1.96,9.04,-18.67,-14.1
6,0.77,-10.36,-1.55,-9.56
6,1.65,-17.38,-18.18,10.91
6,1.05,-5.01,17.03,15.37
6,1.14,-12.14,-7.58,7.41
6,0.55,-6.54,17.8,-8.78
6,1.93,18.67,0.05,16.36
6,1.9,2.79,17.53,5.29
6,1.56,-3.08,-0.53,-18.18
6,1.02,16,-18.72,-0.68
6,1.17,-6.11,16.27,12.82
6,1.83,15.75,-2.82,-19.49
6,0.57,-17.86,12.91,0.87
6,1.1,18.15,-1.83,-5.72
6,0.7,-3.94,2.78,-17.61
6,0.81,8.97,-7.34,0.76
6,1.48,4.65,19.12,2.43
6,1.19,-19.29,-18.13,-17.25
6,1.31,18.82,-8.72,8.63
6,1.14,-19.99,-4.91,3.56
6,0.78,-5.8,5.37,11.67
6,1.86,19.04,-0.88,-5.94
6,1.93,7.34,10.19,-1.84
6,0.73,7.79,6.82,8.22
6,1.03,-1.55,-1.11,-3.89
6,1.74,-7.62,0.1,-1.1
6,0.74,-10.38,-13.16,-5.16
6,1.3,-2.26,1.45,-16.33
6,1.11,3.49,7.06,18.51
6,1.61,12.88,-7.08,-11.56
6,0.6,9.95,-9.61,-3.83
6,1.05,-18.66,7.85,-16.96
6,1.55,-0.08,17.62,13.18
6,1.18,0.58,11.38,13.07
6,1.8,10.99,-13.74,-0.98
6,1.75,2.52,-11.52,5.93
6,0.81,13.05,-18.25,17.39
6,0.97,-0.76,-16.8,4.6
6,1.57,18.11,-2.28,14.38
6,0.8,13.1,18.63,-6.27
6,1.97,-3.2,-8.87,8.82
6,1.52,-10.46,6.34,-19.06
6,1.82,-0.57,-18.17,-13.63
6,1.33,7.23,-0.62,8.13
6,1.6,7,-0.49,9.2
6,1.42,12.05,-15.71,11.26
6,1.13,13.79,7.97,5.21
6,0.59,-0.61,-4.8,6.44
6,1.08,6.15,9.95,5.24
6,1.62,-13.05,10.87,19.04
6,0.89,-8.81,17.57,18.42
6,1.5,8.24,12.54,19.35
6,0.66,7.03,9.5,15.13
6,0.55,-4.51,-7.95,-10.54
6,1.13,-16.83,4.44,-7.89
6,0.57,-6.49,18.95,8.79
6,1.02,7.02,13.02,12.16
6,1.96,-9.45,-10.65,2.65
6,1.22,18.42,13.02,19.74
6,1.37,-10.95,1.5,9.11
6,1.57,-6.07,-7.47,-16.01
6,1.98,2.94,-16.65,-10.71
6,1.75,-12.67,-8.71,4.2
6,1.02,3.9,3.81,4.19
6,1.87,12.09,-17.18,2.13
6,1.22,0.56,-9.07,-5.24
6,0.71,-1.62,-5.8,-6.27
6,1.19,-5.3,-3.45,15.53
6,1.32,3.07,-13.7,17.31
6,1.97,10.89,-14.59,-4.06
6,1.2,-5.02,-3.22,-2.62
6,1.23,-5.04,3.13,-10.26
6,0.55,-18.88,-9.33,-12.72
6,0.97,-13.98,12.11,-9.77
6,0.89,-15.23,-19.85,-4.52
6,1.51,-11.99,-17,4.24
6,1.54,9.15,-12.22,-2.94
6,0.8,3,-5.28,-7.17
6,0.82,2.37,-11.04,1.42
6,1.1,-19.92,-15.95,-14.28
6,1.11,6.29,-2.6,16.95
6,1.38,8.03,-16.77,18.47
6,1.76,-15.42,5.8,14.57
6,1.9,-17.22,0.06,-9.36
6,1.51,-16.21,11.41,-2.25
6,1.53,5.84,3.14,-17.69
6,1.94,-2.14,-13.76,11.21
6,1.1,-14.71,-5.07,-13.07
6,1.4,6.71,6.38,9.23
6,1.55,-3.11,-5.3,8
6,0.91,19.58,-9.43,9.38
6,1.22,-0.46,0.56,-8.15
6,1.32,17.59,-8.21,-3.83
7,0.57,14.61,11.61,1.53
7,0.91,16.31,-8.25,18.6
7,1.23,-18.4,-3.91,4.42
7,1.33,-8.28,-5.7,9.2
7,1.78,14.54,17.21,5.98
7,1.18,-16.26,7.36,-0.73
7,1.16,-15.67,10.38,-11.05
7,1.75,2.09,-10.13,-11.28
7,1.33,-0.61,4.81,-5.22
7,0.64,7.09,-15.38,11.51
7,1.34,-14.84,14.5,-17.14
7,1.16,19.72,-2.47,-0.11
7,1.51,-16.34,1.5,-9.35
7,1.46,14.13,2.43,13.97
7,0.53,-16.54,5.18,7.35
7,0.7,-5.14,-3.27,13.67
7,1.72,-17.61,-16.35,-14.75
7,1.01,4.59,9.07,11.77
7,1.27,0.43,-17.62,12.62
7,1.65,1.92,-13.22,-14.1
7,0.69,-19.92,12.31,-5.31
7,1.44,3.18,-3.63,8.93
7,1.77,-4.74,-4.18,6.49
7,0.9,10.53,0.82,2.58
7,1.53,-0.35,-13.1,16.04
7,1.92,14.64,1.84,13.98
7,1.58,10.59,-14.3,5.74
7,1.03,-6.93,13.71,7.77
7,1.46,-15.21,-19.22,-12.17
7,1.36,-15.35,11.49,-18.52
7,1.5,17.76,8.72,2.21
7,1.78,11.03,-4.81,-14.21
7,1.35,10.66,-14.19,3.57
7,0.55,17.27,-3.78,-11.38
7,1.58,12.52,-12.58,10.85
7,0.7,1.91,18.63,15.32
7,1.55,-13.69,1.35,9.01
7,1.8,11.67,-9.64,3.58
7,1.35,11.3,-1,-1.04
7,2,1.4,12.19,-8.19
7,0.8,18.49,11.32,18.84
7,1.04,17.31,6.22,-2.19
7,0.61,10.72,1.22,7.51
7,1.62,19.08,7.66,0.88
7,0.99,1.59,-16.02,2.56
7,1.51,-3.33,13.65,-13.75
7,0.78,-1.5,-6.06,0.82
7,1.3,1.49,-11.63,-6.91
7,1.2,-12.95,-9.87,11.69
7,1.01,9.62,10.04,-2.45
7,1.82,-1.43,1.85,18.64
7,1.51,-11.57,1.39,11.95
7,0.63,14.17,9.45,-16.56
7,1.93,11.12,-15.66,-15.8
7,1.41,6.41,14.08,-2.25
7,1.15,-11.5,-18.09,-8.19
7,1.02,11.47,-12.09,-10.91
7,0.81,-3.57,14.91,7.28
7,0.5,-1.58,17.53,-2.26
7,1.53,-17.09,-17.16,-5.8
7,0.69,16.01,6.85,17.61
7,1.32,18.24,16.06,-3.5
7,1.12,7.63,16.04,-8.78
7,1.96,1.17,-1.49,16.58
7,1.03,4.88,-9.77,13.2
7,1.25,15.13,16.18,18.93
7,0.96,11.61,-14.64,0.99
7,1.05,19.63,-4.49,-12.75
7,1.69,6.32,-13.66,11.36
7,0.77,-18.48,19.98,18.33
7,2,-7.98,-9.2,8.23
7,1.21,12.39,10.21,-8.83
7,1.84,-1.83,6.72,18.79
7,1.83,-3.9,15.76,-7.36
7,1.85,16.14,19.69,-8.48
7,1.19,3.95,9.59,-18.93
7,0.69,-8.94,14.96,15.25
7,0.62,8.06,5.97,18.31
7,1.96,3.37,9.27,-14.59
7,0.93,-11.91,-2.6,6.14
7,0.5,0.07,7.89,17.52
7,1.14,-1.94,6.54,-17.62
7,1.33,2.02,16.81,-16.46
7,0.52,6.29,-6.61,-0.41
7,1.34,-16.64,-19.13,-7.33
7,0.97,5.94,19.14,16.18
7,1,2.33,-7.94,-4.74
7,1.42,16.18,12.79,14.14
7,1.39,15.64,-5.24,6.19
7,0.73,-17.41,-16.55,-0.53
7,1.09,-10.82,18.08,-9.59
7,1.27,3.28,13.98,4
7,0.8,12.41,-19.71,-14.06
7,1.13,-17.09,-2.32,-7.24
7,1.84,-9.17,14.55,16.38
7,0.91,-15.53,-12.53,-14.28
7,0.5,0.57,-2.38,-12.62
7,1.57,15.25,-3.97,-13.66
7,1.44,2.57,-16.54,-4.93
7,0.86,-15.35,-14,-6.65
7,1.69,8.49,-3.35,18.6
7,0.61,5.21,11.02,17.7
7,1.77,-2.24,-3.81,-4.31
7,1.65,3.49,5.1,15.49
7,1.12,17.69,2.36,-1.02
7,0.5,17.97,19.76,15.28
7,1.1,11.58,-11.77,2.79
7,1.44,-4.07,-10.73,10.04
7,1.56,-18.22,0.77,19.71
7,1.3,-19.94,10.72,-15.08
7,0.8,3.92,17.07,-4.62
7,1.71,-12.09,9.09,-16.94
7,1.26,-12.62,9.77,8.47
7,1.56,-4.84,19.38,11.84
7,0.88,3.09,14.25,-12.44
7,1.03,-3.25,15.85,-0.35
7,1.12,7.96,8.74,9.33
7,0.72,4.24,-7.05,-11.59
7,1.45,15.88,-1.89,-14.82
7,1.66,5.11,7.27,19.73
7,0.62,18.6,-14.14,3.24
7,1.9,10.06,14.95,1.8
7,1.04,-8.03,9.11,-5.14
7,1.52,9.99,-6.73,8.21
7,1.88,8.79,-8.21,-19.37
7,1.81,-9.23,19.13,18.73
7,0.55,15.97,6.72,4.03
7,0.53,-6.15,-16.02,-18.3
7,0.91,9.95,2.74,-15.96
7,1.89,1.53,-5.72,-10.55
7,1.21,-10.77,12,17.5
7,1.56,13.49,-4.87,10.51
7,1.74,-8.1,5.25,-14.56
7,2,-7.7,-8.6,-10.4
7,1.89,7.22,12.8,-19.49
7,1.77,4.79,-9.53,-13.43
7,1.65,0.67,-9.35,-17.66
7,0.56,9.39,3.56,-18.57
7,1.93,-18.57,16.93,-13.65
7,0.67,19.24,-7.85,-14.01
7,1.96,5.36,-19.87,6.11
7,0.94,19.48,5.4,-8.32
7,0.86,16.91,17.2,-6.01
7,0.99,13.59,13.54,8.75
7,1.34,5.51,18.98,-16.9
7,0.71,-19.93,6.51,-0.41
7,0.93,-2.45,-4.37,12.11
7,1.89,10.39,10.29,-18.62
7,0.79,4.96,-13.82,16.16
7,1.29,7.93,-6.48,-2.55
7,1.27,-2.1,-10.26,-2.41
7,0.9,1.84,-17.69,3.16
7,1.25,4.56,14.42,2.73
7,1.9,6.51,14.43,-8.11
7,1.76,18.38,14.16,18.44
7,1.13,-10.42,-6.7,18.29
7,1.33,16.63,-13.02,-12
7,0.77,17.71,1.25,11.67
7,1.64,3.1,-4.47,-9.81
7,1.24,17.88,-19.6,4.89
7,0.72,12.78,8.59,-0.38
7,1.9,-8.75,-1.66,-3.66
7,1.79,7.61,-6.93,7.96
7,1.06,-10.26,4.42,3.04
7,0.79,-14.68,11.2,4.07
7,0.79,10.13,-5.38,12.64
7,1.82,-14.46,16.59,-0.87
7,1.01,-12.69,-2,10.91
7,1.76,-5.42,-18.86,-3.94
7,1.44,-19.48,-0.63,-18.35
7,0.53,4.44,-0.96,2.29
7,1.82,-15.29,-5.18,7.96
7,1.54,8.01,-11.31,2.65
7,0.65,15.25,18.47,-18.93
7,1.97,-15.81,-11.36,8.96
7,1.15,-16.05,12.12,14.15
7,1.51,12.19,-14.98,8.44
7,1.98,-13.48,-3.62,-4.46
7,1.32,13.26,1.43,12.98
7,0.6,8.58,16.86,11.9
7,1.07,-18.28,-12.38,19.27
7,1.6,-5.26,-2.75,-18.94
7,1.1,2.81,-18.21,-4.55
7,1.9,6.02,-18.99,-14.34
7,1.13,10.46,-9.75,14.98
7,1.16,-18.73,9.51,-1.01
7,1.13,-5.75,-17.64,6.29
7,1.48,-11.82,-1.76,-5.77
7,1.85,9.84,-0.29,17.63
7,1.45,-13.69,8.56,19.79
7,0.93,-2.87,3.36,-2.97
7,1.89,1.49,4.86,11.48
7,1.25,10.2,-0.5,0.27
7,1.52,-6.32,17.57,-0.34
7,1.2,-8.89,-2.33,2.61
7,1.97,-7.89,-5.5,-2.94
7,1.45,1.1,-0.3,10.92
7,1.05,-2.98,-11.8,1.88
7,0.52,-0.14,-0.26,5.3
7,1.8,10.93,-4.02,11.82
7,1.84,14.42,18.21,7.69
7,1.34,15.84,13.12,0.74
7,1.45,-17.24,10.8,-4.36
7,0.76,-0.73,-10.31,-15.82
7,1.54,-12.59,-4.42,9.64
7,1.68,-17.59,4.3,5.38
7,0.68,-13.63,10.63,-13.17
7,1.06,-8.71,-0.06,-18.62
7,1.57,-4.34,-5.36,-13.24
7,1.94,0.46,-2.37,0.31
7,0.89,-13.88,-15.2,6.54
7,1.35,1.41,-9.72,-13.98
7,1.36,-15.29,-8.32,4.52
7,0.73,-16.59,19.43,-13.11
7,1.54,0.49,9.09,-7.95
7,0.77,-2.67,8.93,-11.44
7,0.91,5.89,2.41,-19.01
7,0.67,-19.18,-7.95,-12.84
7,1.14,8.16,-3.83,10.5
7,1.84,1.91,6.09,17.54
7,1.63,15.45,1.37,0.42
7,0.93,3.61,-18.61,-1.84
7,0.63,-4.22,-15.48,8.03
7,0.81,0.94,2.95,-4.08
7,1,-17.03,5.84,17.91
7,0.87,-14.62,-7.33,8.78
7,1.85,10.66,11.67,13.93
7,1.63,19.32,-9.35,-1.2
7,1.2,-3.7,-17.71,-10.26
7,1.88,-13.97,14.31,-0.57
7,1.95,-15.54,2.84,-13.57
7,1.33,13.14,14.25,-10.8
7,0.79,-12.21,9.48,3.58
7,1.12,-9.08,-17.04,16.71
7,1.84,-15.67,2.21,-8.43
7,1.98,10.05,14.64,3.38
7,1.24,3.13,-6.62,4.08
7,0.56,8.03,-11.31,-5.93
7,0.75,-16.87,-15.42,13.17
7,0.89,-18.52,-8.5,8.43
7,1.45,-18.08,11.5,-10.98
7,1.8,-3.54,-0.23,19.85
7,0.87,2.25,2.16,-6.43
7,0.61,-9.86,-2.52,6.49
7,0.91,-19.25,-17.79,-6.5
7,0.59,12.14,-3.08,-3.06
7,0.76,-8.77,-15.03,2.1
7,1.62,-0.86,9.57,12.59
7,1.55,2.16,-18.79,2.41
7,1.56,-14.88,1.4,15.1
7,1.09,19.33,-7.68,9.68
7,1.07,-7.94,-15.98,-0.99
7,1.69,17.32,-7.55,8.33
7,0.69,7.87,-19.62,-15.03
7,0.72,-14.64,-18.44,-16.04
7,0.91,11.68,-1.73,-17.51
8,0.79,4.66,0.64,-8.73
8,1.92,14.44,18.08,-1.38
8,1.03,-9.01,7.1,15.74
8,1.11,-17.81,-5.34,11.69
8,1.63,2.66,1.26,-13
8,1.47,-6.36,3.64,-11.85
8,1.53,-15.1,-1.04,-9.14
8,1.62,-19.15,-11.06,-10.02
8,1.29,-14.49,16.25,19.55
8,1.27,12.21,-4.73,-8.54
8,0.81,0.86,13.04,5.95
8,0.8,4.86,7.71,12.58
8,0.95,6.65,-6.84,-17.98
8,0.89,-16.41,7.45,-5.03
8,0.57,-19.08,19.23,13.93
8,0.55,-9.19,16.1,-4.4
8,1.48,-0.9,-4.12,5.01
8,1.88,16.86,-1.45,7.27
8,0.61,-4.29,-16.85,14.74
8,1.87,-10.77,13.96,11.95
8,0.62,15.75,-7.16,4.79
8,1.49,2.47,-10.11,-11.06
8,0.97,19.22,0.49,-3.36
8,1.26,-8.99,16.22,2.11
8,1.63,-1.46,9.65,-9.45
8,0.9,-9.39,-4.54,-6.58
8,0.73,-5.41,18.32,6.18
8,1.64,-14.16,11.38,-6.52
8,1.32,-1.88,-14.78,-11.11
8,1.04,-3.69,5.45,-18.25
8,1,1.41,4.11,-3.99
8,1.14,7.81,-13.98,-17.07
8,1.97,3.33,10.73,-16.88
8,1.42,-3.27,17.14,9.3
8,0.57,4,-1.93,-11.57
8,0.97,-1.59,7.04,19.54
8,0.6,-13.61,-17.2,-13.25
8,0.99,-14.91,15.1,12.82
8,1.32,-18.16,18.51,-6.16
8,0.97,-16.67,10.28,-9.25
8,0.97,10.95,9.53,-12.47
8,1.9,17.58,-13.76,-15.92
8,1.91,-12.76,15.95,8.18
8,1.76,-0.18,-6.43,-16.06
8,1.67,-0.16,6.79,-13.92
8,1.53,-1.29,-13.58,12
8,1.9,3.09,-14.03,3.37
8,0.97,19.97,-3.26,4.76
8,0.86,-11.02,-6.5,-18.54
8,1.92,12.61,-8.2,13.4
8,1.27,-9.53,14.09,-17.57
8,1.47,9.63,-1.21,-10.65
8,1.87,14.6,18.76,-17.95
8,1.89,-7.76,-17.33,-18.3
8,1.14,-12.79,17.08,-1.71
8,0.6,2,-2.34,-14.06
8,1.38,0.16,-15.3,1.78
8,1.18,5.25,15.76,-15.99
8,0.96,8.59,-9.14,6.05
8,1.96,-16.45,3.11,-4.61
8,1.11,11.57,13.98,-9.88
8,1.78,-8.94,-16.01,6.79
8,0.7,-4.03,10.15,-13.95
8,1.32,-10.17,-18.83,6.05
8,0.67,-8.75,-4.47,18.84
8,1.82,16.15,0.94,9.49
8,1.3,8.87,15.45,5.25
8,0.62,2.95,15.88,4.88
8,1.3,15.12,3.46,-0.59
8,0.63,-12.8,-4.62,-14.82
8,0.59,7.57,6.29,4.04
8,1.52,-16.9,6.66,-13.72
8,1.03,-15.04,6.11,-17.67
8,0.76,18.44,-11.64,-2.13
8,1.87,-1.55,7.26,-12.34
8,0.62,11.3,7.98,12.75
8,0.78,-8.05,-4.24,-1.57
8,1.79,19.47,-1.79,-16.97
8,1.46,11.92,0.96,9.03
8,1.42,1.4,-0.8,13.44
8,0.85,7.73,13.41,-19.34
8,1.54,-13.88,-18.48,8.86
8,1.41,2.46,-6.33,-11.89
8,0.87,6.83,-8.45,-14.45
8,1.63,-17.65,-15.17,19.37
8,1.53,3.68,-14.55,-10.81
8,1.2,-1.77,-19.4,-5.55
8,0.96,-3.82,7.73,17.16
8,0.66,-6.28,19.58,3.68
8,0.69,-0.87,-2.52,3.6
8,0.61,-4.51,6.03,14.95
8,1.98,9.45,18.4,-3.79
8,1.19,-17.49,-12.4,-4.78
8,1.6,11.32,18.85,19.14
8,1.67,6.07,16.33,5.26
8,1.85,-14.59,0.99,-15.51
8,1.79,2.53,-18.84,8.31
8,1.85,3.14,-5.16,15.2
8,1.91,3.22,12.91,-10.49
8,1.2,4.72,9.79,-15.41
8,0.98,-15.75,7.46,4.47
8,0.87,3.96,7.12,-14.53
8,0.97,6.68,19.67,-13.34
8,1.57,12.17,7.24,5.46
8,0.64,-6.45,10.51,17.74
8,1.24,0.29,9.78,-1.71
8,1.01,-5.27,14.37,-8.57
8,1.37,10.7,2.28,-18.15
8,1.25,-3.61,9.4,17.28
8,1.26,7.43,-18.21,12.13
8,1.91,-4.38,-6.69,2.5
8,0.89,4.86,14.47,-2.72
8,0.72,18.15,6.76,2.83
8,1.84,-2.39,-8.15,6.11
8,1.32,-11.13,-8.94,-8.83
8,1.29,18.2,-2.19,18.03
8,0.86,16.02,-16.07,-11.86
8,1.63,-11.53,17.1,1.31
8,1.81,3.73,5.44,1.86
8,1.42,7.1,9.81,14.39
8,0.71,1.34,8.58,-3.86
8,1.92,-2.54,-14.84,19.15
8,1.08,3.68,0.64,-17.83
8,1.09,-11.7,17.54,17.91
8,1.58,6.33,-9.46,-12.77
8,1.39,-13.07,-18.91,-11.12
8,1.65,-7.46,-1.92,15.79
8,0.68,-1.02,10.47,-0.04
8,1.69,-3.63,-2.74,12.49
8,0.53,6.15,-13.46,11
8,1.21,8.16,6.94,17.24
8,1.53,0.43,0.89,3.3
8,1.37,11.24,-5.47,-8.8
8,1.77,15.47,9.85,1.39
8,0.96,-12.36,2.1,-15.17
8,1.48,0.83,10.58,-0.43
8,1.58,-0.92,5.19,16.02
8,1.08,-6.96,-14.97,11.29
8,1.57,14.8,-8.66,7.88
8,1.21,-7.17,6.26,16.93
8,0.56,-12.79,-15.01,14.3
8,1.36,6.25,16.81,-1.37
8,0.53,-4.65,8.87,6.01
8,1.39,3.47,-16.12,8.85
8,1.55,8.81,13.6,3.09
8,1.09,-11.13,11.4,17.39
8,1.52,3.95,-7.7,5.7
8,1.82,-12.23,-9.89,-1.83
8,0.5,-12.41,6.51,-6.3
8,0.61,-15.68,5.55,-17.16
8,1.39,9.75,-7.48,-15.11
8,1.86,-16.93,-17.11,12.3
8,0.8,16.83,13.25,-6.63
8,1.81,-10.19,-5.9,6.33
8,1.2,-4.5,-19.65,-9.46
8,0.7,-1.08,-9.15,-4.58
8,1.58,2.65,-7.05,-7
8,1.53,8.21,6.02,-5.16
8,0.78,10.39,13.47,-9.57
8,1.41,12.56,12.54,-3.32
8,1.74,-10.27,-13.8,10.46
8,1.25,-13.47,2.88,-4.57
8,0.76,-6.62,-1.73,-16.1
8,1.7,16.05,10.41,-1.95
8,1.45,1.11,14.88,2.92
8,0.97,-11.46,1.64,-8.2
8,0.74,-7.31,-12.97,-2.66
8,0.59,6.67,16.73,-13.11
8,1.21,7.27,-6.5,-16.17
8,1.97,-2.9,-2.83,-13.98
8,1.48,-1.59,-7.03,-14.33
8,1.41,14.15,18.38,18.11
8,0.92,7.22,7.11,14.06
8,0.52,-17.68,-13.75,-7.15
8,1.1,-18.52,1.1,-6.46
8,1.61,-11.65,1.29,-5.44
8,1.18,15.55,-6.01,-8.54
8,1.82,-6.14,9.36,-9.48
8,0.77,-2.14,10.54,-15.99
8,0.51,-2.61,-7.24,12.98
8,1.79,5.06,3.31,-17.13
8,0.71,-11.38,-17.51,-13.58
8,1.83,-10.72,-6.51,-0.01
8,0.7,4.44,-15.22,17.5
8,0.95,-10.64,14.12,5.02
8,1.76,-16.99,5.3,12.34
8,1.76,-7.24,19.36,-18.13
8,1.62,13.31,-9.94,4.19
8,1.67,-3.94,7.89,-9.45
8,1.5,-12.25,16.12,12.26
8,1.04,9.76,18.23,6.22
8,0.96,-13.99,-12.64,17.94
8,0.89,-1.26,-13.85,17.28
8,1.89,-19.1,18.13,4.1
8,1.57,-11.66,-4.96,-16.87
8,1.96,-7.57,-0.4,-18.53
8,0.82,3.45,8.12,-11.17
8,0.81,-5.49,-12.46,-11.58
8,0.89,-19.7,-6.05,19.32
8,1.4,10.96,-9.52,-1.5
8,1.65,2.13,9.34,5.57
8,0.74,-17.66,-17.71,-0.78
8,0.6,17.43,-8.76,-0.22
8,1.55,3.05,6.39,19.91
8,0.98,-2.43,4.47,3.41
8,1.82,8.53,-10.89,-12.5
8,1.41,12.18,-4.52,5.02
8,1.79,-14.74,16.17,-13.82
8,1.97,-19.52,1.81,-1.84
8,0.62,19.73,-9.32,-13.18
8,1.41,2.12,16.17,0.69
8,0.96,-15.01,14.94,-1.54
8,1.87,0.69,3.1,2.17
8,0.73,3.71,-18.11,-7.44
8,1,-11.73,-16.77,15
8,0.8,-5.28,-9,16.22
8,1.1,17.64,11.03,-11.19
8,0.58,10.83,-11.11,-2.38
8,1.17,11.99,-15.42,-14.75
8,1.53,15.9,-11.7,-10.96
8,1.97,8.39,12.58,12.46
8,1.55,-16.86,18.19,-8.83
8,0.54,12.66,-17.96,11.9
8,1.22,-1.14,5.14,18.87
8,1.52,-3.84,11.34,-19.78
8,1.83,11.25,0.02,-14.21
8,1.18,-14.46,2.85,13.93
8,0.68,-6.1,3.88,8.13
8,1.73,-17.54,14.44,8.22
8,1.08,16.3,-1.29,13.17
8,1.68,-7.99,-7.68,0.92
8,1.84,-5.81,-12.36,0.05
8,1.03,19.69,0.01,-15.36
8,1.71,-10.09,2.74,-11.76
8,1.53,14.22,-17.31,6.54
8,1.4,16.14,-5.01,-2.98
8,1.37,-15.61,-2.75,1.36
8,0.96,-11.43,17.64,-0.16
8,1.25,-8.66,15.57,-11.02
8,1.41,10.05,8.27,-14.38
8,0.53,-17.06,-10.62,-12.02
8,1.07,-7.06,16.36,-12.84
8,1.09,15.68,14.87,7.87
8,1.07,-19.81,19.24,7.74
8,1.59,19.71,-6.64,-19.01
8,0.54,11.47,-12.63,-18.58
8,0.86,-12.66,6.91,2.23
8,1.41,10.57,14.41,-19.82
8,0.56,-17.25,-2.92,13.71
8,1.53,-19.53,-9.75,2.7
8,1.46,3.8,-13.64,16.35
8,1.55,15.15,-5.79,4.1
8,0.63,5.29,-7.98,-13.06
8,0.65,0.57,9.45,16.33
8,1.2,-12.11,8.99,13
8,1.72,14.24,-9.82,-12.68
8,1.63,15.84,9.93,-18.08
8,1.82,18.46,0.55,-8.03
8,0.87,9.72,-0.75,2.64
8,1.2,15.81,-6.31,-8.96
8,1.18,-6.86,2.08,-0.09
8,1.95,-0.89,10.43,16.23
8,1.16,-13.36,12.62,-18.52
8,1.7,6.78,-1.17,-0.78
8,0.52,17.82,-9.06,-6.69
8,0.67,-8.42,9.22,1.04
8,1.06,-5.48,16.81,17.84
8,1.99,4.27,-2.94,-1.61
8,0.79,-12.93,15.48,-3.61
8,0.66,2.61,19.86,-13.86
8,0.95,7.94,-8.92,-13.25
8,1.61,-6.49,-19.22,11.04
8,1.8,1.14,-16.53,12.07
8,0.76,-15.39,1.66,-19.25
8,0.9,19.39,4.5,14.47
8,1.3,-4.72,12.18,15.35
8,1.26,-17.04,0.04,12.24
8,0.6,10.1,13.75,-13.86
8,1.1,6.1,13.27,14.09
8,1.47,13.49,13.4,-18.86
8,1.73,-4.6,-10.55,-6.92
8,0.72,17.92,19.19,1.6
8,1.97,8.75,3.37,-0.61
8,2,6.23,8.36,-8.08
8,1.9,17.31,-0.19,9.05
8,1.57,0.29,10.71,10.29
8,0.61,6.65,-18.89,-0.67
8,1.81,12,-10.91,-10.04
8,1.56,5.23,11.74,-11.35
8,1.29,15.48,8.58,-19.73
8,1.96,-14.74,-13.64,-12.29
8,0.94,4.8,-18.31,-15.91
8,1.85,14.37,-19.48,-13.94
8,1.61,-10.54,-12.48,8.08
8,0.63,-10.57,-2.14,16.74
8,0.89,14.64,6.22,-14.25
8,1.43,-1.31,16.78,10.98
8,1.72,-4.84,-14.16,2.77
8,1.51,-11.56,-19.93,15.65
8,1.96,-6.54,11.89,-13.52
8,1.94,7.83,-11.33,-15.69
8,1.77,2.58,12.11,8.63
8,1.54,-1.86,3.19,17.12
8,0.66,17.78,-1.1,-15.9
8,0.79,19.73,-13.86,5.27
8,0.88,9.31,5.57,19.54
8,1.46,-0.08,13.3,11.59
8,1.87,8.94,-1.96,1.4
8,1.9,-2.82,-3.27,-12.16
8,1.47,-16.31,2.97,7.02
8,0.97,12.87,-18.4,13.8
8,1.45,11.84,-9.33,-11.59
8,1.56,4.71,12.03,15.05
8,1.46,10.21,5.61,-1.1
8,1.9,-8.95,10.76,19.14
8,0.54,-17.08,8.41,3.88
8,0.88,19.77,-9.61,19.05
8,1.4,-5.38,8.29,14.62
8,1.71,-10.75,14.66,-2
8,1.27,18.05,14.16,-4.7
8,1.69,18.33,5.11,-7.96
8,1.54,16.64,-8.86,-6.02
8,1.13,-7.98,-5.16,-5.44
8,1.95,-13.7,-14.71,-9.09
8,1.01,-19.39,-3.78,5.88
8,0.84,10.25,4.46,0
8,0.63,10.69,7.83,18.87
8,1.36,17.6,-18.37,8.56
8,1.34,-18.58,-6.14,-14.43
8,0.63,-16.74,2.56,9.34
8,1.39,2.97,-6.38,-8.33
8,1.85,-19.73,5.04,-14.84
8,1.27,7.35,13.67,-19.3
8,1.88,-6.61,13.01,9.68
8,0.94,2.56,4.29,3.39
8,1.57,-4.03,16.08,-17.42
8,1.56,-9.75,-19.64,-7.43
8,0.56,7.6,9.35,14.02
8,1.38,-2.93,17.07,1.71
8,1.15,1.84,12.76,-12.56
8,1.15,-10.82,1.82,1
8,0.78,4.55,-11.39,-8.49
8,1,-2.19,-6.83,-2.54
8,0.58,-1.2,0.3,-19.74
8,0.91,11.48,-11.52,11.65
8,1.4,19.49,-16.27,-1.67
8,1.19,5.17,7.44,2.43
8,0.89,8.64,-15.47,16.56
8,1.71,-7.69,-0.99,-3.01
8,0.6,-8.08,-17.75,-9.27
8,1.29,-9.94,17.83,6.98
8,1.35,19.4,10.9,-10.49
8,1.11,15.72,-13.06,4.3
8,1.94,-7.53,3.95,9.83
8,1.5,19.1,-1.81,15.94
8,1.9,8.8,-2.76,13.99
8,1.04,13.55,15.45,17.81
8,1.69,-18.88,0.55,17.01
8,0.97,-0.36,19.23,1.72
8,1.08,1.11,17.7,-2.68
8,1.18,17.14,16.77,-6.29
8,0.95,-19.11,6.98,9.56
8,0.79,9.25,-15.02,-5.23
8,1.63,18.74,3.08,10.16
8,1.14,-19.28,-8.12,5.45
8,0.99,-9.27,-14.2,1.13
8,1.74,16.81,14.95,15.37
8,1.14,12.03,-9.3,-7.39
8,1.3,1.12,-11.88,-12.51
8,0.81,7.46,7.99,-9.59
8,0.63,-8.89,-12.56,2.8
8,1.5,13.59,17,14.49
8,0.91,-2,0.21,6.11
8,1.07,9.89,-5.65,-15.62
8,1.32,-4.68,11.69,-10.74
8,0.64,3.92,-0.22,1.93
8,1.89,11.18,-7.32,14.81
8,1.61,0.68,-10.4,2.13
8,1.97,14.61,-17.78,-15.13
8,1.92,-1.52,2.89,-1.45
8,0.53,18.89,-3.05,5.75
8,1.69,10.97,3.67,14.83
8,0.65,10.93,-8.28,-16.33
8,0.89,-1.11,-11.15,-0.51
8,1.23,6.07,-0.78,-19.89
8,1.51,-15.57,14,14.81
8,0.73,3.49,-6.38,13.86
8,1.14,-5.46,-5.01,3.73
8,0.54,13.14,8.39,14.21
8,0.76,-11.63,-17.32,4.96
8,1.96,-10.62,-6.13,-19.88
8,0.6,-10.56,1.87,4.77
8,1.78,-12.56,-7.45,11.92
8,1.7,10.66,-10.09,-15.02
8,1.23,-16.6,5.87,15.11
8,0.68,-12.21,-4.19,-15.84
8,1.85,-1.02,-8.86,-17.14
8,1.72,-2.65,-13.55,-8.77
8,1.32,-18,-10.75,2.38
8,1.09,-19.2,-10,7.49
8,1.53,10.73,-8.14,10.7
8,1.21,9.32,0.17,-2.22
8,1.31,-11.71,-11.86,-5.72
8,1.68,12.96,-3.57,0.81
8,0.68,-13.18,-15.2,14.73
8,1.75,18.1,-17,-12.29
8,1.94,14,17.27,13.6
8,1.22,10.78,1.76,-19.84
8,1.35,7.04,16.18,11.31
8,1.66,17.64,13.71,-9.73
8,1.84,13.56,-14.29,0.07
8,1.75,7.06,19.32,1.41
8,1.42,6.41,15.73,12.24
8,1.45,-9.2,11.39,-6.74
8,1.83,10.81,-19.22,11.9
8,1.1,3.49,18.6,18.23
8,1.27,3.32,-8.11,-2.08
8,0.78,-6.9,-2.3,-8.14
8,1.73,4.14,-3.82,-1.34
8,1.51,-0.56,2.68,-3.77
8,1.86,-1.04,15.87,-16.66
8,1.99,18.39,-2.09,-8.93
8,1.42,-2.8,-10.12,-5.18
8,1.12,-18.8,-15.59,-18.09
8,1.08,4.39,-8.93,-9.05
8,1.03,0.13,-12.32,-5.26
8,1,-11.69,-13.34,9.96
8,1.76,18.19,18.44,-17.78
8,1.38,14.12,-14.05,-12.8
8,0.69,-1.45,-10.6,5.94
8,1.63,-8.2,7.85,12.55
8,1.98,5.88,-6.95,-19.24
8,0.69,-14.31,-5.37,15.3
8,1.47,-4.96,5.26,9.2
8,1.04,10.57,-11.77,-5.9
8,1.38,-1.95,-15.64,-13.94
8,0.99,19.37,-6.96,13.04
8,2,12.57,-1.29,17.76
8,0.95,12.26,3.84,-17.47
8,1.87,-12.45,-5.55,-16.24
8,1.28,13.91,-6.25,-17.02
8,1.82,6.44,-19.51,2.49
8,1.83,-15.68,2.46,2.09
8,0.79,-17.6,-9.9,-10.37
8,0.57,-11.68,-16.59,-0.34
8,0.66,-17.75,-5.21,-16.41
8,0.81,-19.27,-10.52,-2.87
8,1.17,6.18,-9.93,11.23
8,1.28,-19.25,2.4,-6.83
8,0.7,19.2,19.9,-11.3
8,0.59,0.98,-12.17,-13.79
8,1.67,-8.59,-15.27,-7.26
8,1.87,-16.84,12.13,8.48
8,1.62,9.06,-9.45,4.07
8,0.61,10.85,-16.12,-18.65
8,1.79,-8.2,15.58,-7.1
8,1.63,-19.18,2.25,1.97
8,1.98,-10.34,2.94,14.88
8,1.6,2.3,11.24,12.04
8,1.7,8.97,-16.24,13.81
8,1.28,-6.82,-12.07,15.91
8,0.64,14.33,-6.81,-4.78
8,1.94,0.58,-17.48,-14.05
8,1.13,-16.86,7.78,9.17
8,1.27,5.8,-3.66,-0.7
8,1.63,13.17,4.31,-9.81
8,1.16,8.18,6.39,8.44
8,0.64,-9.15,-9.35,-0.65
8,1.13,15.37,-4.03,2.76
8,0.69,-18.5,-2.16,12.47
8,1.47,11.57,12.42,10.18
8,1.96,19.06,4.73,7.07
8,0.69,-18.89,-3.04,19.72
8,1.51,10.68,-7.52,-0.41
8,1.74,15.31,-15.57,18.78
8,1.59,-12.3,0.37,3.52
8,0.77,-4.17,0.24,-4.82
8,1.88,-14.99,-8.81,14.73
8,0.9,-2.78,-2.29,7.21
8,0.59,-7.22,0.28,-5.51
8,1.88,-15.48,-11.29,-9.88
8,1.4,4.21,-3.36,-7.8
8,0.79,-0.31,-17.95,-2.69
8,0.88,-16.66,5.5,-9.5
8,1.29,10.67,-8.51,-13.96
8,0.85,-2.56,-0.46,16.79
8,1.15,-14.64,-15.58,6.42
8,1.63,0.68,-17.32,3.36
8,1.52,-13.54,-16.84,2.34
8,1.93,-6.26,15.64,-4.19
8,1.32,10.44,17.64,8.97
8,1.57,8.77,5.86,-9.23
8,0.31,14.41,-18.44,10.28
8,1.95,4.12,5.24,-9.46
8,0.88,-19.44,15,-1.75
8,1.87,-0.38,-16.52,6.18
8,2.59,-9.31,-4.06,-14.62
8,1,7.45,8.11,-1.4
8,0.85,7.66,14.49,-10.04
8,0.8,18.1,-14.85,3.71
8,2.35,-3.84,19.94,-8.37
8,1.25,-14.54,-8.28,17.42
8,1.55,12.44,3.18,-18.19
8,2.6,15.45,-11.96,6.69
8,2.93,-7.14,0.75,-1.41
8,1.83,-3.51,-10.68,1.67
8,2.62,-15.87,-14.33,-14.67
8,1.13,7.07,16.76,3.2
8,2.17,3.72,10.88,-13.31
8,2.91,-14.13,8.95,-4.05
8,0.95,6.91,-16.32,-14.84
8,1.11,0.66,-15.07,16.66
9,1.52,3.94,5.62,-3
9,0.87,-19.53,-19.47,18.57
9,1.37,-13.87,17.25,-16.7
9,1.48,-19.71,-12.65,-3.46
9,1.52,8.51,-13.38,10.11
9,0.92,-19.19,13.09,-3.52
9,0.39,17.52,-18.8,9.84
9,1.66,16.8,-12.44,-6.37
9,0.31,-1.84,-14.01,17.3
9,2.57,16.12,-18.19,-9.24
9,1.22,-16.45,-15.94,12.31
9,0.55,-4.04,-8.19,-8.27
9,2.8,2.7,-7.97,-4.1
9,0.98,4.11,19.42,9.96
9,2.55,-11.36,13.18,-14.57
9,0.44,16.14,1.53,-10.55
9,0.44,19.71,14.93,4.73
9,2.7,6.02,10.66,-0.01
9,1.44,-4.76,-9.41,-14.16
9,1.63,-2.52,4.96,-12.07
9,0.59,7.94,-15.35,-14.26
9,2.65,-5.91,11.7,-13.51
9,0.46,17.99,8.3,5
9,1.63,-16.73,-13.14,-0.06
9,2.36,0.04,-7.65,1.79
9,1.96,16.92,-8.09,1.35
9,0.62,-2.7,19.33,5.42
9,0.41,18.57,-15.7,8.09
9,1.82,2.19,6.27,-14.95
9,1.09,2.87,6.85,16.13
9,0.59,14.97,17.7,7.76
9,2.24,18.4,10.81,13.52
9,2.75,-1.97,12.2,2.3
9,2.98,17.21,14.52,11.68
9,0.84,-13,10.7,14.63
9,2.85,-3.11,14.99,-10.59
9,2.95,-7.44,11.44,8.64
9,0.37,-10.05,0.84,19.68
9,2.6,-1.88,-10.97,12.49
9,0.89,17.76,-5.86,7.43
9,1.67,-15.95,17.95,-5.13
9,2.43,-11.11,4.62,-19.01
9,1.76,1.62,-2.2,-5.72
9,0.82,8.67,4.43,18.59
9,1.67,-2.68,5.26,-2.89
9,2.67,-7.75,-7.15,-17.83
9,2.29,-5.85,18.98,3.81
9,2.76,12.45,16.65,-4.32
9,0.71,10.58,-18.61,-7.27
9,1.51,-1.24,9.89,-0.82
9,0.38,4.92,-11.79,-6.7
9,0.81,0.39,1.63,16.14
9,0.32,5.17,10.81,0
9,2.1,-2.49,-5.8,1
9,1.54,18.55,7.28,-5.53
9,2.98,-7.35,-4.93,11.56
9,0.81,19.95,2.38,15.65
9,1.48,18.78,-11.92,-2.6
9,0.27,-0.1,-16.07,13.62
9,0.26,9.39,12.73,-2.83
9,2.88,-16.54,-6.72,-17
9,2.66,9.45,-3.77,-0.89
9,2.14,11.2,14.26,7.94
9,2.59,1.92,-16.1,17.78
9,2,-15.67,-13.67,9.65
9,1.99,1.5,-7.94,19.24
9,0.31,0.56,-14.78,-4.27
9,0.58,9.59,-9.7,-6.21
9,2.16,-12.27,18.32,-10.03
9,1.49,4.18,19.28,7.19
9,0.67,8.93,-13.31,-10.01
9,0.99,9.59,1.77,-10.36
9,2.4,-8.33,-10.41,2.91
9,1.84,-0.42,-2.16,19.23
9,0.74,-11.54,1.44,17.01
9,2.04,9.53,16.22,16.76
9,2.93,19.66,-18.66,9.44
9,2.53,-12.37,-2.49,3.48
9,1.01,-17.31,-2.26,7.63
9,0.53,17.14,-7.38,-8.03
9,1.92,-0.11,0.39,-4.68
9,1.61,-13.44,11.52,-14.62
9,2.09,-18.94,-1.7,-18.29
9,2.17,-14.72,7.64,-1.58
9,0.99,15.73,11.6,-18.49
9,2.06,-6.37,7.36,-16.48
9,2.96,-13.16,9.91,13.54
9,0.91,10.9,0.68,-13.11
9,1.39,-3.27,4.36,0.52
9,2.68,-6.58,-19.76,17.43
9,2.25,-18.33,-7.78,-4.91
9,0.31,-1.9,0.8,5.17
9,1.56,-9.98,-9,18.87
9,2.36,10.75,-9.53,18.38
9,1.25,0.48,-1.99,-5.87
9,2.64,-17.2,17.44,-10.7
9,2.21,-5.81,1.65,13.07
9,2.55,14.59,18.46,-13.22
9,1.7,-3.01,16.57,3.79
9,0.48,15.97,-18.14,2.94
9,1.16,-11.66,9.24,-10
9,1.11,-10.15,-4.84,5.69
9,2.18,-3.66,9.32,-17.15
9,1.32,-5.77,10.23,-19.97
9,0.51,-0.25,-19.23,-0.94
9,1.39,7.71,-18.02,-0.74
9,1.83,-13.32,-4.01,14.24
9,2.12,9.18,13.29,-6.63
9,1.74,-12.65,-17.64,14.84
9,2.9,-17.87,19.52,12.8
9,1.66,-3.71,-10.05,1.93
9,2.53,-16.95,-18.17,-6.68
9,2.97,-18.72,-6.26,15.09
9,0.34,12.1,11.66,17.43
9,1.2,12.32,-3.56,16.45
9,0.58,-2.61,-15.03,-12.22
9,1.77,-2.71,1.12,-3.12
9,1.51,11.24,3.93,10.66
9,2.29,-0.04,-18.98,-13.8
9,1.66,3.24,-2.68,-4.41
9,0.27,18.36,-12.59,-2.61
9,0.42,-0.54,10.9,-8.45
9,0.44,-15.2,2.61,15.35
9,0.25,-19.83,-15.25,-4.11
9,0.85,2.18,-12.44,17.99
9,2.92,-7.14,-13.92,15.25
9,0.96,1.04,-6.18,4.78
9,2.64,-12.71,-15.25,-13.55
9,0.86,-16.34,-14.57,-18.23
9,2.28,16.77,-19.06,-6.26
9,1.89,-0.31,5.64,-1.27
9,1.53,-9.85,8.28,-9.13
9,1.92,12.04,-15.87,15.38
9,0.54,-14.95,-3.35,-3.02
9,2.72,-2.75,18.92,7.38
9,1.61,3.83,17.17,-9.56
9,1.55,11.63,-11.65,-19.78
9,0.43,-14.4,-1.75,-2.22
9,2.06,-1.53,18.47,19.19
9,2.35,-18.55,6.88,14
9,2.63,-6.96,-16.02,0.81
9,0.36,7.12,-16.81,-12.18
9,2.29,-5.19,16.32,13.12
9,2.47,-8.64,13.29,-0.47
9,1.75,-4.56,-19.83,-6.8
9,0.77,15.07,12.61,8.72
9,1.7,0.79,-4.38,17.24
9,2.4,1.33,-10.37,11.13
9,1.48,1.83,-6.29,16.52
9,1.43,6.45,-0.9,-4.41
9,0.63,14.61,3.06,-16.57
9,1.54,13.71,-14.43,-19.34
9,1.11,7.78,-3.39,12.23
9,2.25,-16.18,-11.42,-15.74
9,0.95,5.92,-7.91,6.82
9,1.69,16.45,17.37,11.36
9,2.03,19.97,-9.19,9.75
9,1.64,17.95,2.82,-16.87
9,0.57,-10.44,15.11,7.43
9,0.68,6.94,-4.26,8.41
9,0.42,3.71,12.3,6.2
9,0.8,-2.63,9.34,10.24
9,0.8,4.98,-13.86,2.93
9,2.24,3.21,-8.4,-19.22
9,2.4,2.73,-18.22,-15.04
9,1.05,12.49,-19.81,3.11
9,1.04,-16.15,-16.89,4.98
9,1.69,6.68,15.15,-0.71
9,0.73,6.72,-2.15,-9.15
9,0.29,-10.05,-10.65,-14.06
9,1.58,-12.5,-14.12,-18.55
9,2.16,13.33,-15.15,13.34
9,2.44,-18.57,-9.14,-9.38
9,2.48,9.05,16.04,-1.04
9,1.51,-3.4,10.68,2.13
9,2.84,17.5,1.46,19.34
9,2.73,18.42,-9.49,18.52
9,2.78,4.22,-0.99,15.86
9,0.41,15.05,7.81,18.36
9,1.37,15.14,1.04,-5.5
9,2.31,12.52,7.62,-13.18
9,2.36,-1.3,7.2,14.15
9,2.23,-0.96,-4.67,-12.22
9,1.88,3.17,12.11,15.22
9,0.6,18.56,-7.26,-3.4
9,1.97,5.09,17.83,18.45
9,2.46,4.35,-10.1,17.2
9,2.33,17.47,11.04,14.94
9,0.28,-2.69,18.36,-5.12
9,2.1,19.75,-9.03,4.81
9,1.95,2.94,3.82,1.38
9,0.64,5.07,3.09,3.76
9,1.78,-12.84,-14.16,15.99
9,1.36,19.54,-0.95,-15.69
9,2.31,2.07,-2.66,3.48
9,1.94,-11.97,-8.84,-11.13
9,1.35,13.23,-7.53,6.24
9,1.9,-0.5,11.16,-10.14
9,2.94,-11.16,-18.57,10.67
9,2.18,-5.23,-19.46,-2.86
9,0.85,-16.98,1.3,-12.52
9,0.26,-15.38,-15.14,-15.35
9,2.48,13.71,-1.36,14.39
9,1.42,-12.94,-9.93,-0.2
9,0.97,-12.65,13.84,12.68
9,2.06,8.27,-16.96,0.94
9,2.53,19,-0.67,1.73
9,2.73,-9.54,5.42,-7.78
9,2.09,-7.62,-10.65,9.64
9,2.08,-16.6,-2.58,2.18
9,2.76,-2.33,-19.27,14.42
9,2.58,-13.22,7.16,-19.21
9,2.62,12.34,-18.18,-18.02
9,0.92,-4.91,-3.51,2.75
9,1.4,-12.18,-17.2,6.7
9,2.78,-19.48,9.97,-0.21
9,2.16,4.78,6.59,-12.33
9,0.74,-18.68,-15.48,3.59
9,0.27,17.08,-10.88,19.99
9,2.75,-0.54,11.6,-6.02
9,1.94,-4.29,6.3,-7.64
9,0.7,17.81,-14.28,-2.22
9,2.67,-15.31,-11.49,-0.05
9,0.61,4.62,15.84,-8.91
9,0.85,-15.15,17.91,-13.28
9,1.51,-16.54,2.08,11.81
9,0.91,11.47,4.91,-3.34
9,1.05,-3.18,-7.47,-10.54
9,1.67,13.72,-11.94,-1.3
9,0.96,12.71,-17.41,-7.15
9,1.04,6.71,-7.06,-3.7
9,0.6,-18.21,1.03,4.84
9,2.63,-0.7,-2.97,-3.54
9,3,13.51,17.55,-0.77
9,2.6,11.6,3.03,-13.09
9,1.85,-6.74,9.17,12.13
9,1.26,-9.82,5.26,-15.15
9,2.58,19.77,12.15,-17.33
9,0.78,6.14,-13.63,-10.27
9,1.37,-18.31,12.4,2.61
9,0.65,-14.24,15.99,-1.77
9,0.93,0.52,-3.42,1.08
9,2.44,0.01,8.44,-16.51
9,1.08,-10.96,-9.13,-1.46
9,2.66,-16.79,-9.28,-2.36
9,2.83,-3.89,-17.2,-13.12
9,2.88,11.6,-10.34,11.74
9,0.48,2.75,2.33,-15.72
9,2.23,-13.56,-6.5,7.68
9,1.2,-19.15,-13.58,-9.63
9,2,-9.07,-19.67,-4.54
9,0.8,17.09,-14.87,15.88
9,1.07,1.71,1.34,-7.43
9,0.27,-18.13,12.8,-8.77
9,2.45,-9.73,-1.19,7.47
9,0.62,-6.94,2.54,10.44
9,2.13,-5.23,-7.24,17.54
9,1.68,14.86,-9.98,8.76
9,1.64,-8.53,4.62,4.89
9,1.5,9.73,-9.65,-12.24
9,2.89,-5.1,-17.96,-3.85
9,0.6,1.53,-10.01,6.19
9,1.92,7.98,-2.31,-18.79
9,2.71,-16.19,14.3,17.43
9,2.51,-4.01,15.63,16.35
9,1.62,-16.56,-0.53,-16.28
9,0.92,2.37,6.13,12.97
9,2.72,-2.39,16.59,-3.55
9,1.99,1.12,7.45,4.3
9,2.02,6.27,13.86,-1.72
9,0.89,-9.46,-1.22,-16.96
9,2.75,-3.72,11.42,-13.9
9,2.4,14.11,0.99,4.35
9,2.65,9.25,17.14,-3.31
9,1.08,3.9,14.66,-12.04
9,1.32,-16.59,-3.05,-13.74
9,0.9,15.28,-14.47,-5.13
9,1.94,-15.2,-0.86,-3.25
9,2.82,-0.39,-14.11,9.5
9,2.86,-15.95,-7.97,-4.98
9,1.45,18.4,-8.35,-1.92
9,2.18,-9.04,11.27,14.19
9,2.77,-6.13,15.99,3.07
9,2.95,-15.98,9.87,-15.45
9,0.9,15.7,-2.13,16.55
9,1.39,12.09,8.79,17.8
9,1.79,-15.28,-5.62,-2.54
9,2.66,-3.19,4.92,-10.44
9,0.56,-10.62,-3.26,-2.46
9,1.01,-16.01,3.63,9.75
9,0.69,-12.91,13.78,6.08
9,0.85,9.66,-9.4,-2.12
9,0.3,-19.06,-18.27,11.7
9,1.36,8.38,-12.9,11.18
9,1.71,-7.59,-15.98,11.88
9,1.51,3,11.23,12.72
9,0.32,0.77,12.57,16.94
9,2.32,-18.28,-8.61,17.52
9,2.94,-4.07,13.1,-15.14
9,2.06,10.25,4.07,-1.3
9,0.95,10.49,7.77,-8.07
9,2.95,7.56,-4.21,-7.63
9,1.77,9.84,-18.94,6.33
9,1.54,-13.96,7.66,-3.7
9,1.24,4.55,-9.82,3.33
9,2.54,19.88,-17.11,-9.16
9,2.22,-11.1,-13.39,13.95
9,2.23,-10.81,13.87,-13.83
9,0.43,-9.52,-10.29,-17.38
9,1.88,14.71,-10.55,-1.25
9,0.52,-3.14,19.32,-17.09
9,1.32,13.49,-11.8,-8.93
9,0.55,10.57,16,5.57
9,2.86,9.45,-17.45,1.47
9,1.12,5.07,11.28,-5.82
9,2.66,9.72,3.52,-6.4
9,0.53,12.04,15.37,5.32
9,2.05,7.83,9.3,6.71
9,2.71,4.03,-7.35,14.06
9,2.02,-19.61,2.68,-15.73
9,1.44,-15.12,6.35,1.17
9,1.6,-0.71,1.83,-8.22
9,1.08,12.51,-6.8,-4.44
9,1.85,14.37,-4.59,-2.46
9,1.33,6.16,8.91,0.03
9,2.24,-6.47,-18.57,6.34
9,1.87,5.9,7.86,7.56
9,2.16,14.32,13.9,0.31
9,2.61,-11.81,15.51,18.65
9,1.65,-11.11,3.33,11.63
9,2.67,-14.15,-18.68,-11.08
9,0.35,16.09,-3.35,2.71
9,1.57,-10.61,15.14,-0.44
9,1.57,-7.47,-4.8,1.27
9,1.22,4.14,-2.88,-11.43
9,2.46,11.35,5.36,14.25
9,1.19,5.1,-2.06,-2.03
9,1.91,12.24,-18.73,-7.17
9,2.16,19.96,9.5,13.29
9,2.34,13.07,-18.81,-13.79
9,2.98,-17.32,-14.28,18.57
9,2.76,18.52,-18.37,3.55
9,1.53,7.14,10.07,3.53
9,2.73,2.8,12.49,16.26
9,2.43,0.97,0.98,12.32
9,1.51,1.85,5,15.35
9,2.45,-19.98,-17.92,1.17
9,1.93,-9.52,4.73,3.8
9,1.41,-6.14,11.97,-10.7
9,1.27,-19.69,14.6,10.07
9,0.98,-2.83,-15.57,19.3
9,2.57,11.59,-17.29,4.95
9,0.94,9.57,12.29,-3.76
9,0.3,17.24,7.38,9.58
9,2.75,14.96,-17.38,10.85
9,1.48,11.25,3.81,17.84
9,1.22,14.03,17.3,-0.92
9,2.4,19.97,8.91,7.7
9,1.59,17.12,11.66,-17.37
9,2.49,9.04,15.16,-1.4
9,1.32,-4.3,4.66,-19.76
9,1.8,-19.7,5.61,-9.67
9,0.31,-18.97,-2.22,2.43
9,1.68,-16.97,-12.95,13.34
9,2.9,-4.37,14.1,-16.82
9,1.01,4.77,-6.83,-5.66
9,0.62,1.35,0.08,0.12
9,2.54,11.31,19.13,-11.13
9,1.91,-19.96,-0.21,12.26
9,0.98,16.53,5.38,12.96
9,0.42,7.14,5.09,-1.6
9,2.31,-17.22,-13,-13.2
9,2.41,6.14,2.57,12.61
9,2.02,-19.5,-6.83,14.9
9,0.32,1.44,8.76,-15.22
9,0.57,-9.61,2.38,18.92
9,1.9,14.27,17.23,-3.62
9,1.91,0.5,-7.14,-17.02
9,2.07,-8.61,13.06,17.28
9,1.17,-11.11,1.69,-19.42
9,0.69,-7.6,13.29,-6.09
9,2.08,6,2.72,11.48
9,2.19,-13.75,7.41,-16.91
9,2.07,12.48,-17.45,17.12
9,1.68,-19.13,-17.21,12.05
9,1.92,16.07,-2.04,-15.29
9,1.27,-18.67,-15.07,-7.02
9,1.09,14.15,-11.93,18.89
9,1.45,-18.34,-13.34,16.98
9,0.88,5.13,-3.24,0.15
9,1.69,13.01,-2.96,-19.25
9,1.65,-17.6,2.01,7.34
9,2.58,3.99,-19.49,18.39
9,1.53,7.67,-12,-19.1
9,2.99,14.04,9.28,11.9
9,1.56,-16.73,19.72,8.21
9,2.96,15.71,-18.98,10.66
9,2.86,-9.2,18.22,-7.02
9,2.4,-19.47,0.99,-10.38
9,2.6,-14.75,-18.59,9.26
9,1.11,-18.89,1.42,-0.48
9,0.65,-0.69,-13.33,-18.97
9,1.9,-10.56,-2.33,-15.71
9,1.1,-3.32,-14.61,-12.47
9,2.01,-2.55,8.87,16.36
9,0.26,0.41,-4.27,3.96
9,1.61,13.46,-14.85,4.28
9,2.94,-9.09,-17.94,-9.03
9,1.79,-6.35,-13.65,0.71
9,1.31,18.99,-18.05,-2.06
9,1.81,0.07,4.83,15.84
9,2.99,17.25,-16.81,14.3
9,0.41,-13.06,-11.13,14.59
9,2.37,0.18,16.64,8.43
9,0.68,-2.46,-12.63,-16.76
9,1.98,14.87,11.06,8.34
9,0.71,11.72,-13.02,-5.54
9,2.65,19.57,-8.63,15.64
9,0.26,18.27,10.03,11.42
9,1.48,-8.58,5.5,-19.74
9,1.9,0.72,-5.67,8.05
9,1.74,-13.7,-5.56,-6.63
9,2.6,8.53,-5.6,7.68
9,1.05,-5.16,-7.02,-0.62
9,0.9,-12.7,-6.37,10.8
9,2.09,15.82,15.29,8.96
9,1.57,5.03,-1.36,16.29
9,0.5,-7.31,15.69,18.63
9,2.66,12.82,5.54,11.61
9,1.93,-12.95,-16.31,-12.16
9,2.14,-0.94,8.21,6.13
9,2.56,5.57,-13.47,-14.61
9,0.42,-12.06,-14.08,-11.86
9,2.56,-1.12,-5.07,-19.97
9,2.3,7.25,-5.19,-7.67
9,0.84,-17.05,16.91,1.07
9,0.89,16.22,6.32,-15.57
9,1.95,16.03,-3.17,6.62
9,0.49,17.38,11.69,12.91
9,2.54,-13.12,0.22,11.72
9,2.48,-4.67,17.06,6.47
9,0.98,-4.12,14.03,-6.35
9,2.04,12.5,-18,7.79
9,1.17,17.28,6.57,10
9,2.75,-2.95,-5.88,0.23
9,1.23,-9.68,-8.71,-0.16
9,2.06,-5.63,-8.43,-18.23
9,0.76,19.31,-17.49,-6.57
9,1.06,-3.79,-13.13,-10.13
9,2.97,12.36,16.99,-14.6
9,2.63,-10.68,0.59,6.78
9,1.42,1.95,11.67,-8.06
9,2.93,-4.67,3.98,-12.74
9,1.96,5.32,7.25,10.48
9,0.86,-15.21,19.86,4.87
9,2.42,10.37,2.93,-8.04
9,2.48,-7.1,9.09,-17.12
9,0.8,12.58,-13.31,-6.2
9,1.88,7.37,2.91,7.71
9,1.94,-15.26,-14.67,-10.67
9,1.96,-12.34,16.92,-3.43
9,2.55,0.05,16.84,16.23
9,2.47,-13.74,-18.03,16.99
9,0.32,-19.68,2.78,19.01
9,0.37,11.5,17.9,-13.09
9,0.26,-0.21,16.78,-11.16
9,2.97,9.57,-19.49,6.35
9,1.48,8.85,14.67,-13.27
9,2.65,8.67,-13.52,7.1
9,1.98,12.3,-10.19,-3.26
9,0.49,6.12,8.89,1.81
9,0.87,-15.62,7.3,-13.14
9,2.72,2.34,9.59,9.21
9,2.21,-16.91,4.2,19.16
9,2.82,12.06,12.69,-8.25
9,0.34,-14.36,-6.6,4.33
9,2.12,19.63,7.63,-7.3
9,0.9,16.53,10.88,-15.81
9,1.43,-10.55,-5.42,-2.72
9,2.27,0.39,10.94,-10.33
9,2.58,4.13,1.2,-2.04
9,1.07,18.61,10.88,11.58
9,2.89,1.98,-5.11,19.33
9,0.89,11.79,9.24,5.44
9,2.66,-13.5,2.41,0.8
9,0.71,9.08,-11.07,-16.31
9,1.82,-10.77,2.29,4.74
9,2.88,17.91,-12.59,-0.43
9,1.62,8.84,15.31,-1.51
9,1.85,15.6,16.69,3.81
9,0.57,8.34,0.61,5.03
9,0.81,-2.05,-18.21,10.74
9,2.43,7.17,6.71,5.85
9,0.98,-14.9,-4.93,-5.69
9,0.38,3.65,-5.08,-0.65
9,1.44,-1.5,1.8,-15.37
9,1.87,-17.89,-0.83,0.23
9,1.07,11.11,-5.86,19.78
9,0.86,-4.1,14.65,18.64
9,1.85,-19.65,-2.42,-8.74
9,1.15,12.66,-14.66,-1.9
9,2.53,-1.81,-13.92,-14.79
9,2.28,11.54,-5.6,13.77
9,2.4,-4.33,1.26,-5.87
9,0.7,17.58,16.96,7.65
9,2.59,18.27,4.89,19.16
9,1.09,-11.69,-1.8,-12.9
9,0.4,1.54,-13.86,-0.98
9,1.46,-8.95,11.51,9.99
9,1.15,-3.68,18.91,9.51
9,2.85,-6.83,-14.43,14.82
9,0.81,-8.81,-4.01,-0.68
9,0.81,-5.54,14.55,-16.24
9,1.87,-17.82,-9.16,-13.88
9,1.42,19.5,-0.13,-2.07
9,1.69,-2.97,17.87,-15.33
9,2.56,-11.66,-0.59,-12.12
9,2.43,-0.25,17.94,2.69
9,2.55,9.89,-18.05,-17.39
9,0.38,-4.26,18.31,10.84
9,2.13,10.99,-4.71,14.77
9,1.91,5.32,9.62,-11.65
9,1.04,-2.1,-16.75,-2.6
9,0.38,10.38,4.73,12.11
9,0.91,-15.57,-19.15,18.96
9,0.38,-7.47,14.08,-11.7
9,1.61,-6.62,13.3,8.1
9,1.98,-10.67,16.41,-3.56
9,1.04,-14.1,16.54,-17.46
9,0.67,-6.62,12.27,-3.65
9,1.45,-9.33,-15.05,-5.53
9,2.94,-16.82,-5.12,9.41
9,2.13,3.62,-14.95,4.52
9,0.37,15.39,-1.5,1.36
9,0.67,18.21,-17.02,15.9
9,2.17,-18.11,-1.37,10.71
9,2.39,1.09,-17.58,-19.74
9,2.67,-1.36,-0.3,3.13
9,1.53,-7.4,18.48,-8.17
9,0.98,-3.17,-17.22,-10.04
9,2.82,16.71,-4.05,11.76
9,0.41,11.79,13.83,-12.69
9,1.15,3.56,2.78,-13.07
9,2.71,-4.18,-3.63,-15.4
9,2.01,14.9,19.47,-11.84
9,2.98,8.13,18.78,-12.84
9,1.86,-17.67,-18.19,-12.5
9,0.98,19.87,18.02,-13.27
9,1.06,-2.34,-3.81,-2.66
9,2.02,-12.55,2.23,-18.43
9,1.06,3.83,13.25,-11.84
9,0.27,11.35,16.2,-10.28
9,1.4,-2.9,10.3,-14.42
9,1.67,-17.82,18.76,-16.88
9,1.99,-1.51,-13.38,3.03
9,2.57,19.41,6.11,-10.74
9,1.29,14.28,-6.47,13.45
9,1.38,12.61,-10.55,-18.03
9,1.18,17.67,-3.96,-1.3
9,0.53,-9,-4.96,-13.14
9,0.44,-10.26,-1.84,-0.97
9,0.69,8.52,-7.32,-12.78
9,0.29,-12,-11.47,-18.68
9,1.94,-19.81,-19.46,-4.63
9,1.53,-18.71,15.16,12.42
9,2.19,-0.03,-13.99,1.43
9,2.56,17.59,-10.86,14.72
9,2.02,13.3,9.92,4.78
9,1.02,-3.25,8.59,3.49
9,2.8,-2.1,18.99,-6.04
9,2.85,19.9,10.69,-0.03
9,2.99,8.95,12.35,-15.67
9,1.03,-8.64,12.45,8
9,0.39,15.39,-10.46,-5.22
9,0.58,13.88,14.63,-15.56
9,0.62,-8.01,-11.79,-8.01
9,2.52,0.39,15.26,7.62
9,1.5,7.67,14.92,-11.25
9,0.41,14.73,-11.14,-5.25
9,2.84,7.91,-7.16,-5.59
9,0.34,-17.11,12.74,-10.46
9,0.42,7.48,8.06,-14.98
9,1.04,-13.7,2.53,-6.86
9,0.74,-19.21,-0.62,16.9
9,0.95,5.83,8.32,14.83
9,2.66,13.3,-0.01,17.8
9,2.5,7.73,-4.26,7.13
9,0.55,-1.02,-18.16,-18.37
9,0.93,10.61,15.35,16.07
9,2.72,-0.43,-4.12,0.14
9,0.33,-5.6,-16.77,-9.09
9,0.38,-0.73,-1.48,0.79
9,1.87,17.82,-2.45,11.58
9,1.22,18.73,-8.91,-9.77
9,2.8,-11.69,-18.55,-12.32
9,0.73,14.91,15.75,2.22
9,1.41,19.44,-10.12,13.55
9,2.77,19.81,7.77,-9.4
9,0.89,2.74,12.67,14.23
9,1.47,-13.35,-12.03,18.63
9,2.53,-8.36,-14.54,-5.09
9,2.9,1.45,-17.7,6.88
9,1.94,-12.27,19.33,11.06
9,0.34,-6.6,12.3,-8.25
9,2.02,0.18,16.75,-9.21
9,1.01,8.91,-15.37,-2.14
9,1.27,10.49,-0.82,0.77
9,1.42,-8.68,-7.77,12.21
9,2.87,-13.63,-14.44,16.26
9,0.66,-10.91,-13.64,3.47
9,1.38,-13.88,-1.3,-8.57
9,2.54,5.19,-11.78,-4.16
9,0.97,13.33,0.24,-8.7
9,2.18,18.4,-2.68,-12.24
9,0.53,-0.14,1.2,-13.54
9,2.97,-0.94,-17.52,11.33
9,2.68,0.55,-16.68,-14.41
9,0.77,-14.03,8.76,-19.78
9,1.91,5.38,3.23,-13.45
9,0.93,-2.88,-17.56,17.13
9,1.88,18.55,-0.22,14.39
9,1.53,-3.16,-0.79,-4.16
9,1.13,7.69,-5.48,1.55
9,0.64,-16.75,4.04,-7.04
9,1.38,18.34,-18.87,-6.71
9,1.48,-12.55,13.49,-10.2
9,0.41,5.69,-16.23,19.03
9,1.8,-7.7,15.07,6.44
9,1.56,-15.94,-7.26,10.69
9,1.31,2.59,-6.76,-8.31
9,2.11,-16.01,5.98,17.06
9,2.68,11.79,0.56,-4.05
9,2.71,-5.8,0.5,16.68
9,1.82,13.54,16.94,-18.06
9,0.41,0.29,19.3,-0.53
9,0.4,9.29,-7.8,3.69
9,2.42,-1.56,-13.44,8.33
9,2.61,-6.95,4.48,7.96
9,1.72,-19.24,-10.06,-17.91
9,0.85,-9.91,-10.79,-14.54
9,1.19,-14.36,6.28,17.98
9,1.05,-16.06,-5.52,13.3
9,1.12,13.76,-11.71,19.26
9,0.79,-1.82,7.02,-9.45
9,1.67,7.64,-13.23,10.49
9,0.98,13.53,10.94,-9.45
9,0.54,-5.44,0.05,18.06
9,1.88,-19.89,-8.3,-6.74
9,1.27,8.38,-7.04,-5.98
9,1.52,-9.58,-9.81,1.57
9,2.7,19.35,-13.97,11.21
9,0.72,-12.28,-5.43,-10.21
9,1.33,7.37,-0.03,14.04
9,1.26,5.71,-11.97,7.95
9,2.28,-12.92,-17.55,-7.89
9,1.01,-12.32,17.57,7.15
9,2.95,2.98,18.87,-6.82
9,2.59,-8.02,-7.95,-17.32
9,2.54,7.81,-1.44,19.48
9,2.78,9.63,0.37,-19.12
9,0.48,-2.45,-11.28,-5.46
9,2.92,-4.67,4.89,-8.38
9,1.89,-13.9,3.5,-14.85
9,2.45,0.57,-0.07,-7.85
9,0.8,0.33,13.05,16.13
9,1.93,19.99,-0.19,14.33
9,1.83,-17.1,-1.9,9.96
9,2.14,11.11,11.24,-5.41
9,2.33,8.35,-1.78,-1.09
9,1.75,-18.78,-0.81,-17.89
9,2.38,6.95,9.09,-9.79
9,2.08,11.12,-0.46,18.76
9,2.28,-15.85,8.52,-10.52
9,0.76,-11.1,19.69,14.26
9,1.58,13.87,-0.67,14.91
9,1.82,6.27,4.78,0.9
9,2.24,-18.35,14.28,-1.43
9,2.19,-14.14,8.39,3.28
9,1.19,-12.86,15.4,13.57
9,0.62,16.13,-14.13,7.26
9,0.81,-11.69,9.39,-12.57
9,1.4,-6.31,-15.19,2.02
9,0.33,-0.34,-10.27,13.01
9,1.79,5.88,0.29,3.16
9,0.7,-10.83,-4.89,-7.13
9,1.27,-5.79,-1.42,-2.25
9,2.16,-18.33,-9.7,11.18
9,2.01,-6.44,-7.1,7.9
9,2.15,-10.41,3.9,-10.19
9,1.19,-3.1,5.15,-17.39
9,1.7,14.62,14.16,-4.48
9,1.66,-11.5,9.28,-16.65
9,1.3,-16.11,0.18,-11.4
9,2.17,-11.48,7.6,-19.25
9,1.17,-16.21,0.68,3.84
9,1.26,1.97,4.12,8.75
9,1.88,13.83,-0.94,-4.54
9,0.79,-1.53,8.43,16.41
9,2.43,6.16,11.22,15.79
9,2.31,10.92,7.2,-11.13
9,0.88,-10.55,16.44,18.37
9,1.78,-11.75,-6.24,-1.5
9,1.42,-9.45,-7.56,0.27
9,1.69,-15.46,-11.78,3.55
9,1.16,15.49,13.46,11.98
9,0.95,-19.1,0.55,-9.81
9,2.36,0.14,-1.88,-17.57
9,0.55,-14.12,1.07,9.13
9,0.8,6.39,11.72,-11.91
9,1.19,15.02,0.8,-17.24
9,0.34,-18.77,9.71,-5.7
9,2.49,7.38,5.23,12.81
9,1.18,18.24,-11.46,10.59
9,0.45,0.45,9.17,10.61
9,0.69,-4.35,7.76,-10.1
9,0.86,0.91,11.86,-4.29
9,0.75,16.97,19.09,-11.29
9,1.69,7.36,9.38,5.78
9,2.28,0.48,-9.89,3.86
9,0.68,-14.46,-7.34,7.73
9,2.31,9.92,-11.77,-10.64
9,2.37,-2.04,5.39,-5.34
9,2.2,-0.77,11.63,-4.95
9,2.27,19.53,16.94,-16.2
9,1.62,-14.8,-17.72,15.87
9,0.57,3.4,11.15,16.39
9,1.64,6.58,-1.19,-18.03
9,2.5,-19.53,-12.7,4.01
9,2.04,-5.71,11.78,-15
9,2.17,16.76,-3.59,-14.12
9,2.78,-0.65,11.66,8.51
9,0.43,7.78,2.46,-8.81
9,0.66,-7.71,7.41,-12.9
9,1.67,13.26,-11.99,4.2
9,2.53,-10.54,-15.28,-8.28
9,1.72,3.91,4.86,-16.97
9,1.7,-10.34,2.03,2.86
9,1.49,6.8,17.46,14.26
9,2.59,3.71,2.59,-2.83
9,0.4,-7.98,16.69,-7.77
9,0.54,-19.4,9.39,1.78
9,1.77,9.67,-16.18,-3.8
9,0.68,-7.85,-5.91,-13.82
9,0.81,1.23,-18.96,-1.49
9,2.1,4.01,-5.92,13.06
9,2.47,-9.9,-9.45,-10.86
9,1.86,8.68,-12.25,-6.57
9,0.71,15.86,-19.74,12.84
9,1.14,7.62,-8.3,-0.15
9,1.46,-7.75,-7.83,1.94
9,1.36,-2.65,2.86,-8.51
9,1.74,14.58,7.3,18.83
9,2.8,17.26,-16.68,-0.17
9,2.78,-5.53,-16.63,-0.9
9,2.43,-7.62,12.05,15.39
9,2.55,-10.67,18.64,-0.13
9,1.6,17.78,7.38,7.63
9,0.54,-5.57,18.98,-3.16
9,2.68,1.95,-9.12,3.56
9,2.75,9.72,-11.88,14.3
9,0.63,12.25,10.25,12.02
9,1.36,18.63,-14.32,-7.99
9,1.33,0.71,-3.58,-18.11
9,2.64,3.08,3.69,-2.03
9,2.69,-3.92,17.19,-17.69
9,2.91,-6.5,14.53,-2.7
9,1.56,-16,-19.25,1.4
9,0.57,1.26,19.15,14.2
9,2.67,2.25,-9.15,-0.56
9,1.29,-3.33,-15.44,-15.2
9,1.15,5.42,16.11,-3.92
9,2.86,-8.7,5.63,-19.09
9,0.85,-19.6,14.29,3.81
9,0.82,-16.24,4.3,19.39
9,2.09,-12.18,-7.81,-8.39
9,1.86,-2.89,10.53,6.95
9,1.35,1.02,-9.02,19.14
9,0.34,19.71,2.46,9.77
9,1.4,-5.78,19.14,0.31
9,1.99,1.08,8.03,16.19
9,0.99,11.57,-9.82,0.49
9,2.04,-11.33,15.47,-19.95
9,2.43,11.82,-8.57,-3.96
9,0.98,8.66,19.48,-13.89
9,2.51,-2.13,-10.04,6.61
9,0.5,7.54,9.68,0.41
9,1.89,-4.46,-10.58,-7.75
9,1.7,-4.55,18.31,6.28
9,1.63,-17.1,18.87,6.79
9,2.5,10.69,-19.13,-9.47
9,0.56,16.52,11.74,-14.02
9,0.52,-2.33,-18.59,-4.72
9,0.46,-11.56,13.44,9.53
9,2.65,3.43,4.4,9.37
9,2.75,8.99,-2.75,6.09
9,0.59,-7.82,4.11,6.72
9,0.59,9.42,-18.78,-5.92
9,2.81,-12.15,-5.03,-19.16
9,2.15,-6.26,8.57,7.78
9,1.9,19.4,11.62,0.11
9,1.18,-19.19,-14.32,-0.42
9,1.08,1.68,-18.76,14.27
9,1.88,-7.87,3.24,-13.6
9,2.73,19.58,-14.14,19.82
9,2.53,-12.07,10.05,-19.5
9,1.68,19.24,-8.24,18.7
9,1.44,-2.59,0.77,17.75
9,2.34,-10.9,14.89,14.2
9,2.94,-18.34,-8.98,17.41
9,1.25,-10.68,13.73,-12.91
9,1.62,5.99,-4,6.65
9,2.72,6.11,0.98,17.8
9,2.85,-7.39,-5.78,-9
9,1.91,-6.72,-17.42,-18.58
9,1.84,-6.66,-13.34,0.35
9,1.83,3.76,-18.6,-2.75
9,2.27,5.17,18.66,19.23
9,1.3,13.51,8.53,-12.8
9,0.66,-7.74,0.23,18.35
9,2.88,-16.52,3.48,-1.62
9,0.59,-2.74,19.38,8
9,2.49,0.36,2.8,4.36
9,0.78,-13.21,14.48,-19.69
9,1.1,-3.21,13.08,1.34
9,2.34,-13.51,-8.74,16.46
9,1.66,18.05,-16.59,-0.54
9,3,8.43,2.83,-12.1
9,2.99,-6.12,12.31,-0.63
9,2.15,-14.14,1.05,11.32
9,0.32,-0.24,-15.02,-16.69
9,1.25,7.13,18.5,-6.15
9,1.06,15.88,-1.14,15.36
9,0.92,-8.14,-18.19,1.13
9,1.28,9.14,17.45,-19.22
9,2.33,-19.9,18.49,11.86
9,2.36,-2.78,13.76,-12.13
9,1.58,-18.62,16.9,9.65
9,1.98,-13.17,13.77,0.98
9,2.34,9.67,1.82,19.91
9,0.92,-17.14,7.57,13.41
9,1.33,-19.75,-7.59,7.49
9,0.91,-15,15.04,-11.32
9,1.57,15.86,-2.61,-14.93
9,2.74,-1.79,18.81,-19.82
9,2.78,-9.96,-6.2,-3.95
9,0.31,15.62,1.94,-10.13
9,2.37,-7.52,7.41,-14.58
9,1.56,-18,16.85,-14.23
9,1.76,-8.25,4.34,-9.89
9,0.97,9.19,-10.47,6.58
9,0.66,10.74,-11.36,-16.27
9,0.77,18.55,13.05,-11.36
9,1.52,-12.31,13.74,8.09
9,2.33,-17.02,2.33,-9.09
9,1.51,4.75,1.78,-8.1
9,1.58,-8.42,4.76,5.33
9,0.5,-3.02,9.95,1.88
9,1.91,-12.5,-10.82,5.32
9,1.35,-0.61,2.57,-5.09
9,1.79,-8.84,3.46,13.71
9,0.35,-7.88,18.94,8.89
9,1.31,-16.75,-17.42,-5.81
9,0.99,9.27,2.02,-12.23
9,2.74,-17.31,15.58,-9.15
9,0.32,7.55,-6.8,1.39
9,2.74,-18.62,15.88,0.22
9,2.12,-13.92,8.15,10.35
9,1.65,-8.74,-15.46,12.6
9,2.57,-2.17,14.93,-5.29
9,2.37,-15.26,1.4,13.14
9,1.94,-1.07,2.21,-15.06
9,2.29,-19.77,11.56,-18.74
9,1.48,-5.04,-4.33,16.49
9,1.23,7.3,-19.95,0.05
9,2.82,0.8,3.17,-7.63
9,1.21,-5.34,16.4,-2.31
9,2.74,-19,12.42,-5.13
9,1.99,7.49,-18.27,-10.22
9,0.74,-3.68,13.73,-6.48
9,0.79,-13.65,9.22,-14.36
9,2.37,-17.64,9.59,-13.89
9,1.39,13.2,-19.88,-11.84
9,2.84,-14.2,-18.5,9.17
9,0.81,18.99,11.78,-2.08
9,1.95,-14.69,6.11,18.02
9,2.83,8.26,15.9,12.47
9,2,15.13,-4.86,13.26
9,0.56,-17.1,10.82,4.05
9,1,1.72,12.46,7.91
9,1.54,19.14,-10.39,-5.1
9,0.72,7.92,-5.21,10.82
9,0.48,9.52,-14.02,-1.85
9,2.56,-15.93,6.65,-1.33
9,1.55,-12.54,14.35,2.82
9,1.35,-14.02,9.29,-9.97
9,0.47,7.09,17.22,6.15
9,0.25,-17.52,-16.08,11.06
9,2.37,0.05,1.42,0.81
9,2.68,9.57,0.1,18.2
9,1.87,13.22,-0.02,5
9,2.42,-14.71,4.95,-6.45
9,2.33,-12.08,13.28,-1.8
9,2.52,9.42,-7.06,4.44
9,1.33,2.85,-19.7,-8.89
9,2.75,-15.17,-6.58,-17.74
9,2.78,13.67,-8.95,1.21
9,2.72,-19.19,13.66,6.23
9,0.39,-3.11,-2.86,6.96
9,1.22,5.83,5.93,-12.98
9,0.45,2.69,-8.65,-17.13
9,2.88,-3.83,-13.2,7.11
9,0.61,-3.08,-4.95,15.86
9,1.71,9.08,14.44,7.9
9,1.03,-13.7,1.37,-5.67
9,0.4,10.72,8.36,-5.93
9,0.41,0.62,7.07,-17.85
9,1.62,12.48,2.54,11.5
9,1.81,-19.27,19.05,1.79
9,1.7,4.43,13.88,-5.92
9,2.58,-4.66,9.42,-4.43
9,1.21,-17.24,16.1,18.06
9,2.53,-15.37,-16.37,-12.28
9,2.47,19.08,4.77,12.09
9,2.41,5.08,-12.7,-14.31
9,1.59,1.9,-17.49,-16.11
9,2.32,14.48,19.18,4.75
9,2.43,-15.16,-12.28,14.5
9,0.35,11.08,-4.34,10.83
9,1.89,-1.37,-7.68,16.58
9,2.66,16.69,-13.18,5.54
9,0.98,-0.96,-1.46,17.85
9,0.51,-2.87,6.87,17.19
9,2.66,9.76,-9.74,8.25
9,0.46,11.6,16.46,16.7
9,0.66,13.65,-12.86,0.57
9,0.39,-1.7,10.82,-17.58
9,1.9,11.02,-4.79,-8.28
9,2.14,-16.32,18.46,-11.05
9,0.43,-5.63,-13.91,11.83
9,2.23,-8.17,8.83,6.1
9,1.73,-10.67,11.54,-19.62
9,1.27,-3.09,-2.31,-19.42
9,1.11,3.46,18.04,4.13
9,1,-2.48,-0.7,11.23
9,1.44,-14.48,12.46,-15.06
9,2.5,16.16,13.32,-19.05
9,1.36,-18.26,1.64,-4.69
9,1.23,18.15,-0.25,17.36
9,2.43,-13.57,-15.53,3.52
9,1.17,-9.9,15.51,-18.72
9,2.23,14.81,8.58,18.84
9,2.38,8.67,-9.09,-17.61
9,2.36,-15.36,-18.62,-1.29
9,0.56,8.67,4.28,8.14
9,1.28,-12.13,3.29,16.53
9,1.28,-19.47,7.14,3.47
9,2.57,-16.53,6.37,-10.52
9,2.96,15.22,-2.82,-5.75
9,0.44,-10.08,-10.02,9.59
9,1.56,-19.69,5.74,11.74
9,0.58,-16.51,8.26,-2.4
9,2.51,-13.98,-13.62,-7.6
9,1.94,-6.78,10.43,-7.33
9,1.74,-18.62,3.21,-8.77
9,1.47,-17.68,-13.05,-10.95
9,2.52,-15.99,-3.51,14.71
9,1,4.04,-5.94,0.3
9,2.56,19.01,8.7,-4.65
9,2.77,2.01,-15.49,-2.57
9,1.25,3.75,-10.23,-17.39
9,0.78,14.33,-8.63,-12.99
9,1.12,-16.76,-12.3,-11.65
9,2.55,5.91,-9.85,-8.59
9,0.84,-1.87,-17.9,7.54
9,1.3,14.05,9.35,-17.61
9,2.21,-5.83,-18.27,17.08
9,2.76,6.73,18.93,-11.33
9,0.83,-5.84,2.8,-11.71
9,,,,
9,,,,
9,,,,
9,,,,
9,,,,
9,,,,
9,,,,
9,,,,
9,,,,
9,,,,
9,,,,
9,,,,
9,,,,
9,,,,
9,,,,
9,,,,
9,,,,
9,,,,
9,,,,
9,,,,
9,,,,
9,,,,
9,,,,
9,,,,
9,,,,
9,,,,
9,,,,
9,,,,
9,,,,
9,,,,
9,,,,
9,,,,
9,,,,
9,,,,
9,,,,
9,,,,
9,,,,
9,,,,
9,,,,
9,,,,
9,,,,
9,,,,
9,,,,
9,,,,
9,,,,
9,,,,
